Name,ColorIntensity,WaterContent,Fiber,Carbs,Sugar,VitaminC,Category
Spinach,3.7088635950047553,82.1613195044809,1.4374511608812555,6.393722471738247,2.8861598959944925,39.28420702974926,Green
Coriander,5.144967713501284,89.00385584177448,2.9612455704446132,6.622500309087072,5.694656970146285,62.98937278586442,Green
Taro,6.888542043062968,86.47902867059203,2.998221748496785,20.700745192606334,6.6610813731367475,1.8792464653770509,Root
Turnip,6.31656180777905,80.16477960102287,3.4648516330974575,23.07791411774116,1.031302256240156,5.260285926776846,Root
Turnip,6.198942265847261,81.74395720159588,1.712216248091761,11.89576200874442,3.1637123628304207,6.223275378422981,Root
Zucchini,3.826133022242118,84.99554569445878,3.239221615365521,5.630195727114022,1.3727323753771525,61.22523064592223,Green
Capsicum,4.882158991037527,92.59483955035857,2.3663055357465166,6.293427372866645,3.447810759810028,14.576608225319099,Green
Broccoli,3.3076390352188776,91.20618936933445,2.472230584235805,3.662643924760936,3.3713873774180243,53.798325817169356,Green
Coriander,1.7966175606448453,89.77780920441353,2.807252359151446,5.934610503811814,0.2,32.77199901218029,Green
Bottle Gourd,3.8078017688920593,83.1593264293735,1.4214516623154296,7.48652818804543,2.20503852575353,30.40041659118302,Green
Parsnip,8.085318142565024,80.15040567015444,1.6695555934434347,17.61257052632879,4.336796441777367,21.212788743571437,Root
Broccoli,3.7575503907227645,89.70221633693534,0.9649830277607667,5.946972249101567,2.0722762519292317,96.58105281213216,Green
Parsnip,8.890383163519786,88.45123009663939,3.0006657213812096,15.2488684359048,3.514126317256353,4.7174308842124235,Root
Taro,8.719757942148181,77.24036225277302,1.5435636231819911,17.362031389401885,6.46823205707193,12.844906790285279,Root
Turmeric Root,7.4504428640914195,90.15752732187882,2.1128693502104854,14.772943910338808,3.5507768410848204,1.0,Root
Parsnip,8.65045009253614,75.98151818944109,3.5519476177229183,10.009696863427935,2.732057456095297,12.001601650013555,Root
Jicama,8.349650047299694,75.61118337182766,2.5953441994413082,13.682758919588755,4.858285550876391,7.583636004081086,Root
Broccoli,3.5917607765355024,82.04972434159643,2.3242624897299904,6.7142251430234925,3.773472853689819,22.043244543158814,Green
Lettuce,3.2546118839971294,86.98505534257004,1.7883884562995813,4.368379430069123,1.9074779487030749,43.528799370416095,Green
Lettuce,4.31351721736967,85.07654273426418,2.6819679476833036,8.614285508564857,0.2,39.615846463307605,Green
Jerusalem Artichoke,9.230874513154735,95.0,3.0628808601743547,10.600928232489728,7.474122223398883,5.752232817504284,Root
Lotus Root,7.640231354210914,77.04371388350776,2.086534838876724,16.30140253291443,1.5724821475787782,2.342792680839657,Root
Ridge Gourd,5.16125921454787,88.17161497365491,2.0182303517105753,6.937548512150047,0.8019374729740503,42.54479749548665,Green
Cabbage,3.7140937441302038,85.01704488515205,2.6385447406809455,6.770634759457674,0.9393710765586405,38.843127648638195,Green
Okra,4.971170327493608,89.16270529139254,1.9647418090720667,8.079809374792152,1.273261352315763,80.6502428386734,Green
Bottle Gourd,3.5184339330653933,91.39032682144668,2.0681922557525105,4.4433905491953745,2.235014306117218,10.5406805596242,Green
Cabbage,2.122330632042909,86.24869984033951,2.912028213766928,7.027571901824418,2.6180572235672575,131.31828726636803,Green
Coriander,2.8002744920074143,90.85591964293688,2.4101375602473363,5.558060800933554,2.73700004005211,53.937692751182624,Green
Broccoli,3.5970775493480405,93.87457996213156,1.9383575248981182,5.3446757068044635,1.5294702162414109,2.0,Green
Fenugreek,2.848163892197841,90.18959468526566,1.811669307772838,5.230888911540349,3.2075513710573285,20.57770326192128,Green
Beetroot,8.738810480887503,88.69220490407832,1.5645612979554047,20.42991058087516,2.428073109771904,16.46446238624916,Root
Drumstick Leaves,3.3273727000591804,93.53463974994669,3.0218583027307355,2.847215686031501,3.771848419671075,69.5022838536863,Green
Kale,2.7074792615672996,89.5410542341324,2.9039898231843657,7.731510388340243,0.5596443115330685,26.63746910397629,Green
Garlic,6.556145183866458,71.22291428117657,1.9494631505084166,8.896437870429207,2.483719604705378,8.817757449460228,Root
Sweet Potato,9.612220628255425,90.3810358951932,2.2314693520941677,10.544038872923563,0.2,4.246773446060639,Root
Pumpkin Leaves,4.549552715319335,87.85905915375773,3.5539152525074607,6.395199209384799,4.490313047150318,17.770304547760805,Green
Green Chillies,4.801741289398798,96.2460447869074,2.5256033192526135,4.493164259307633,2.5519665715269397,18.057115756197348,Green
Kohlrabi,7.5569559788715175,82.12304219560454,2.7965755451407617,17.315923976337924,3.8945845312624128,12.49046938754308,Root
Turmeric Root,7.8745457399970995,86.96727714495614,2.5858930062933303,6.0,3.0404007388496126,3.1887485259174912,Root
Carrot,7.978632705651564,80.51672992511305,1.0,19.42022698180525,4.973687794184867,7.749379543054292,Root
Lettuce,2.5094636748693118,87.7348090815889,2.579721092070113,4.993048691767601,0.2,36.71407437015068,Green
Arrowroot,7.641659847978778,81.11474916618904,3.2441919714999368,14.093879133909486,2.201253923357148,20.5704322581841,Root
Mustard Greens,4.07707212718054,89.18781845582802,2.7969166986970473,4.792029626568359,2.10390774496748,31.108069115198013,Green
Potato,8.840620026504553,88.28040140920828,2.2610679008303056,13.165877940926562,2.716483701912356,2.6207185240119797,Root
Amaranth,3.6920491164900318,88.76353414319,2.6068327238258258,5.695060327238912,2.8497304120263083,58.917557919864606,Green
Bottle Gourd,5.165474444462577,94.05748026007252,1.0273006149346837,3.440846066528597,1.2502177067651854,35.65227625527084,Green
Garlic,8.96539748459117,92.4167843308373,2.5886575909614375,15.986578537027977,2.2646962091312997,7.471417151783601,Root
Sweet Potato,6.856273792679338,85.65135823465914,2.4667700093555394,13.959415713637302,3.2429249771221387,1.0,Root
Lotus Root,8.890198411124787,91.21149600834252,1.0,10.35244569903795,0.5069414898198419,4.799808524744814,Root
Pumpkin Leaves,2.82360769794073,97.0,2.4678736394845253,3.1384497957639037,2.1537252978929473,17.97370856312798,Green
Sweet Potato,8.168654671966728,87.65164389741645,1.409600922557154,22.05466189873135,3.3028237354314767,10.15079698355878,Root
Ginger,6.0,83.85383342439899,4.912615421612916,18.92302143949012,3.4614792405312107,7.896873366333859,Root
Capsicum,3.3230527725059504,86.80681102184619,1.3965446175883782,4.538139920116162,1.9602476325514435,79.8639465879447,Green
Carrot,8.29355793216663,76.86050917225957,2.9664299824335263,14.821792588512583,0.26973636818898106,19.31791483565737,Root
Spinach,3.3843517176117595,88.79558521764284,1.317182407706058,4.5603115832105825,1.4472334748482552,61.42805565547289,Green
Arrowroot,8.8868873900973,82.47542923791369,1.0,15.994740733982473,4.373477103467019,13.234358039693582,Root
Cassava,6.468892497444278,88.085528536107,3.072057441714144,14.689044915003445,5.748706719741005,7.327382152160476,Root
Turnip,9.032546204341656,91.7602308209655,1.4090335697848018,12.945928560227076,1.2885906630281285,8.280631757690117,Root
Carrot,8.32307927311603,83.48587898724227,2.208188731084456,7.184045956516715,5.266219554294318,9.377302423897584,Root
Potato,6.937606471853121,87.56984258324589,2.312855734995451,19.928649978399314,5.874772103129502,30.71650913614891,Root
Turnip,7.741203937332898,94.5918830230283,3.060919447941239,13.522598409854199,4.893908809021472,7.32944408195192,Root
Arrowroot,9.419603004513638,81.39745860556776,1.0,20.03756844918461,2.130740348479992,16.32500479330215,Root
Taro,7.1891424887896616,77.45453284651231,2.2659801408930185,17.331791872231673,5.474669033178204,9.392391810859818,Root
Peas,2.671004989077928,87.75927583921212,3.0978348840986096,7.22074053086693,1.9749180872430223,37.93318458271955,Green
Lotus Root,8.698828420202535,87.52583766633634,2.9920188479927994,12.369825786662098,0.2,18.777221694029564,Root
Spring Onion,3.733785911790748,83.77641741518549,2.7647041857715657,7.6670579232178495,0.2,44.35141424618931,Green
Carrot,8.066990717224872,88.0956353062246,1.0,12.354736613268527,5.088529359243655,1.0,Root
Green Beans,3.620295631711899,92.05775533623499,3.069291902471112,3.7507158163242615,0.2,66.94192054746273,Green
Peas,2.781555778747564,89.14621139315261,2.748726052478404,8.950712433899104,3.029191547842423,31.001536750914322,Green
Basil,4.5225704320096405,97.0,3.6074182548084144,7.12781824010472,2.713705209998343,56.33538896950769,Green
Pumpkin Leaves,5.23596380316525,90.79164313385058,1.9788655971084412,5.032228331891357,1.6155832301668158,45.60414866004791,Green
Yam,7.5346895432199466,84.36430987417519,5.144343347017035,7.485148358024234,4.0074793229891466,13.741545374123465,Root
Jicama,8.463206292099123,76.79717316123853,3.348174212666668,8.837383426157455,4.604599875359046,15.005047469168007,Root
Mustard Greens,4.335692112065142,85.48117258136952,2.9238433423322263,8.8831372413158,0.2,15.07761861323808,Green
Cauliflower,3.454413983644502,90.97335779729077,2.307011153714936,6.704110793028594,0.4981526909714671,71.09411510183148,Green
Green Beans,4.019346514241172,96.13095565201031,2.4129918812345137,6.8034234441978825,2.828172790053335,24.969488202854095,Green
Sweet Potato,9.901190685753008,84.63603511711227,1.7915932330895372,7.4314280369358645,0.2,1.0,Root
Turmeric Root,7.986162253905762,80.86163335561496,2.006877177600228,22.21816001734407,0.9869862114414873,16.505641493983816,Root
Mustard Greens,4.537539944257899,87.959934404581,2.284100051765303,4.042472568435385,1.4668480879086663,44.432512326121305,Green
Cucumber,3.0655037725676846,88.76331150612545,2.6777070173069704,5.042502756673045,3.506907350688225,12.634817444512404,Green
Cauliflower,3.7493836837107555,96.3098131190539,2.4237635740904384,6.558043051540679,2.7294758116598468,39.66522807890895,Green
Basil,4.481765486991594,88.7006744659655,0.5004754281011414,10.581885145181484,0.33251303988368486,2.0,Green
Burdock,6.0,85.02025303958297,2.8278211728430853,19.62135069768915,1.4722080954149246,10.685497291226872,Root
Lettuce,2.437696286273895,91.89436972254073,1.7644606126129574,9.09986881003508,1.0600960491965155,26.948462094858108,Green
Turmeric Root,8.075955267916088,89.45609451015834,2.9822489526806573,8.811687888363512,5.238312128778547,17.09832669813394,Root
Yam,8.621571889856051,82.7823379837382,2.8771003939021864,14.853685931575109,5.752100501544336,9.58885021129211,Root
Basil,1.8070431858046145,89.606641492821,1.7091271142792661,3.792821365568458,2.215872981384174,69.80005715861498,Green
Bitter Gourd,3.7407531794885682,97.0,2.9524077165052356,2.4784744816883646,2.904009945325439,44.52895962206944,Green
Parsnip,7.679332374442808,95.0,2.730070759191402,17.48871544545697,4.8318485041089225,13.372692884915645,Root
Green Beans,3.8323140119795918,87.00605385377378,3.7409215804180187,6.231349268585717,3.4151566208765916,36.687962035252724,Green
Cucumber,3.7715788371953733,84.89300569671876,1.6351547676733902,8.106305706665808,1.952533815372014,52.03751743431561,Green
Green Chillies,4.4960476858058165,86.97281964572215,1.362551466606525,9.002667303910973,1.6127841933894371,28.729174588623817,Green
Ridge Gourd,4.013600106569717,87.86919664135236,1.5640665314317697,2.0,1.9669821139392365,79.3062899167436,Green
Bitter Gourd,2.9713833182502434,92.34545607502038,3.4906264571469086,6.042543153472123,2.3705996151187567,77.55537361588094,Green
Kale,4.941273289066116,84.25655139528224,3.430531001723968,6.020466122039174,0.8221896187424589,46.55258685658177,Green
Coriander,2.9694988523894725,87.69672703742128,2.2799586422786846,2.0,0.2,69.17185668611312,Green
Pumpkin Leaves,4.340643548988724,87.38950408279044,2.1430532534281763,2.220918538108938,1.457232416901108,2.0,Green
Arrowroot,7.59296368707322,89.1179107417402,2.6058944531152344,17.922064902362422,7.452881169030971,1.0,Root
Drumstick Leaves,3.5380034781682004,90.48012530687305,2.9908143781843335,3.954414869603189,1.691148155091986,2.0,Green
Cauliflower,2.140143859020081,92.98501426410888,3.0163873449128604,10.32650944661092,1.630666118056399,40.47875819159847,Green
Green Beans,3.7240924818104166,90.05036960312718,2.5781408788390654,4.453980432289067,2.029412209110731,47.44995728113624,Green
Basil,4.418316606002313,83.71799758550729,1.70829749074373,7.881542375976432,0.8210151277540285,29.384171250074385,Green
Basil,2.8610382523104976,84.70764082637001,3.8136121281090953,8.01963417868527,1.1742195857867315,91.31089513360772,Green
Ginger,8.040919175395722,78.98687526531117,3.2408243454201258,12.433932167642073,3.0428001693199627,2.045205003131902,Root
Sweet Potato,8.708214423256557,86.39929678758101,3.453136633913245,16.43562082600912,2.275125250719124,12.892028201648813,Root
Arrowroot,9.235782191822153,78.5736779221057,3.1802161054504494,20.962537562389876,0.2,12.557214607351817,Root
Lettuce,4.291031947043047,86.36245018082104,3.6222354487488797,3.1962978744154382,2.7042285125603245,89.76139064524946,Green
Spinach,3.741962271566034,82.3468790213688,1.1200657339895737,4.875424941518054,0.7846026555986916,42.85618331488185,Green
Lettuce,3.776690799330019,93.3087329961441,2.5104015135023254,8.907068154314633,1.6824118001144528,103.00422916474047,Green
Green Beans,2.601585328651642,91.96767668602602,1.4438134343834863,9.662917531708707,3.415328144865544,23.27060869738238,Green
Garlic,7.546751590976987,93.71480520682448,2.82674476460232,16.502371798054142,4.744414288086804,1.0,Root
Okra,4.449554135441324,84.06040812620039,0.5,7.868639822478547,0.35974556190149465,29.380864952682913,Green
Bitter Gourd,5.226963851233405,88.40145525754158,2.6797477806015086,7.8651816637461796,0.29796112048036205,2.0,Green
Yam,9.085786324939347,85.58789892082537,2.8080505395041024,13.041757162891045,4.038253882490214,7.254461796020716,Root
Cauliflower,3.053566385449472,90.77635997159324,3.3589053998878176,3.9469694011778795,2.159563608976251,17.49697962652067,Green
Mint,3.3093175992366533,90.8697314927189,3.1960541845510035,6.991363775945209,2.1805026861722916,44.12402506165564,Green
Kohlrabi,7.957176618688425,85.34813640885037,3.3484308822052844,6.0,2.2865994104694067,11.690269538235782,Root
Bottle Gourd,3.908252755714472,83.18966558304864,3.323324509860515,6.9451949648260864,2.3072356811766506,59.56727459863785,Green
Ridge Gourd,3.2735211080984734,91.46946202726471,3.2308677009865994,4.39364209863931,3.791226282751426,28.22190997393578,Green
Lotus Root,8.683569323200478,76.8042657327968,3.7119439853864007,16.30625265616928,2.761445721507594,11.147107738738008,Root
Turmeric Root,6.661394200276751,89.15751173818967,1.8941391792411066,23.59688953103648,7.485030706336237,3.866747297733217,Root
Bitter Gourd,4.162881268667412,94.6938954299413,2.6448172469629654,3.406336104088307,2.47962554210317,18.716077655204273,Green
Fenugreek,4.000917187624381,86.08977902080579,2.579465844343381,7.502774246743578,0.2,48.584004809498374,Green
Capsicum,3.450536290347567,92.69927796866642,1.6018223827501612,6.764819492368101,2.199742649855667,47.31128160020373,Green
Kale,3.69905969557347,87.59913249136483,2.555841667992015,5.22937280627648,2.1362208143014976,51.55326686302617,Green
Mint,4.22762954363698,90.2077835432292,3.0861120617724636,5.838566839782835,2.0943622283793086,2.0,Green
Yam,6.020700189624212,89.4874615367052,1.4272569742601935,16.196234320555746,7.648165339499947,2.644923267308613,Root
Cassava,7.278262446662747,86.06092523283638,1.9533199154127345,13.641724448369734,6.846904180597074,20.723688414322783,Root
Basil,4.050052099024552,86.12662218054545,2.584300404916768,3.331949010163591,1.2783588272585438,42.994548353563424,Green
Garlic,7.305286868910942,82.54430537132137,1.9759116020654075,15.76177436016861,1.8551601352355989,18.96824533859577,Root
Zucchini,3.1573124059196513,88.51423653601684,1.373990644225743,4.444366624818249,0.6673089854410055,78.80676108559057,Green
Lettuce,5.365774511144757,91.89533168364716,1.546957202237881,7.313107217267659,0.8303819957272143,54.6771150935613,Green
Spinach,2.9556172754748173,90.44369035883946,1.5792051380621577,6.751396036691344,1.279233572097434,27.707656255168082,Green
Amaranth,4.4190764829877685,88.8389018232454,2.7139138512575225,6.643395612392027,1.1982914556283415,59.80105873841307,Green
Spinach,4.530999522495951,93.7251204764648,1.8286259814218893,5.381575248297571,2.397516117684277,59.38862817805898,Green
Cauliflower,2.4787671828692868,92.8334257891974,2.695040571016959,4.871842738526543,0.4636347215949268,56.81143320700362,Green
Lettuce,3.7504928503458768,91.3857928379879,1.9559802227372072,6.464507394322007,2.3516869679584174,17.141214549340805,Green
Jicama,8.333859966568534,93.5882006909871,3.5817667276728287,8.438904032842968,4.744139980612097,20.63146655628328,Root
Zucchini,2.795656309457241,84.36615481454577,1.254696661180877,7.21201990269128,0.46348477700446034,78.86985454960912,Green
Green Beans,1.7868654709091225,95.41548949666165,2.4083681237979055,8.475632623946924,0.2,20.01562442615568,Green
Cabbage,3.558208718446,85.42811880867751,2.7862298882786267,7.121569052736469,3.2996614918103324,61.34505130087257,Green
Lettuce,3.7598827942484236,93.12729148710925,1.5104394312975344,3.3590867738314474,2.626329878740277,42.42461683082965,Green
Capsicum,3.7891686439078183,97.0,1.9898080125989472,4.938006089996365,1.2522313682902828,21.113072020993634,Green
Jicama,8.17183933979353,88.3195073199087,1.3244053943751484,10.524650788616977,4.694456436506769,2.413215966206394,Root
Kohlrabi,7.265826201221504,85.49197333848136,2.957280404615241,22.279111610733832,4.909013079649446,16.31245349900415,Root
Beetroot,9.107080669286972,84.27771301627841,1.0,19.23710838575211,2.4293436280921545,9.275733741566714,Root
Capsicum,2.9477769557190285,92.53172727102205,2.66233841668104,2.968511770005536,3.857006241596074,79.89694182738805,Green
Radish,8.319174510419181,93.04270267613887,1.0,15.575130395737085,3.179734408866719,15.370720611603726,Root
Okra,3.6195803684141534,86.10772423647377,3.457257201331593,5.68294085394606,1.9672345525880817,11.668301023170098,Green
Ginger,8.438475738809727,85.11769994616394,3.17286123596682,17.95907066870689,2.7919185781179525,5.411185816824792,Root
Potato,10.0,78.59480251447437,2.5242194566727583,22.061102777077146,3.3407172175085695,13.618974369997872,Root
Mustard Greens,3.735614558108566,93.08346077554786,1.3171310033761268,8.287508086413858,2.406195688993297,24.617802152479968,Green
Onion,8.209659415274626,82.05018288620772,3.3071225966373103,10.132269001477656,4.452715538712439,14.043761273333015,Root
Yam,6.226967531793118,92.57152900428395,1.5942676991373812,11.731168306755901,2.308677411913016,20.99550474536654,Root
Bottle Gourd,2.8730329422122325,97.0,3.0662015483643805,4.875066448211465,2.758889286866625,59.313861240668246,Green
Drumstick Leaves,3.8992231226052794,92.58878375881096,2.1134508301605006,9.147973526580065,0.5290812043971906,2.0,Green
Green Chillies,5.513387247526623,90.54614132433095,2.207742758950313,6.3693606117298165,0.3834484525643642,10.70964903723371,Green
Beetroot,8.367287313401341,95.0,2.2765340176281477,13.253416019409013,3.461160788224535,7.574561737325796,Root
Jicama,7.6705522136529085,89.39122422572977,2.8350580290841174,16.58077978591389,4.438535179617053,1.0,Root
Celery,5.0931866266393975,87.95513729427526,1.7083161437931351,5.748426159800704,2.0668698947464335,62.35478796177371,Green
Garlic,8.265362349399629,81.5034480543305,1.0,14.328604189068479,6.34549627219988,17.40972321793274,Root
Turmeric Root,7.236713895821419,85.22762701268562,3.1833289928110693,13.953430902103193,5.645956095532023,28.910979956954886,Root
Ginger,8.376409526097516,79.58769067385494,1.6303369187253056,20.627173922073847,1.1211762142653443,23.141383626047705,Root
Ridge Gourd,2.783177679397195,82.53385353170776,2.4338554513258406,5.756504983233433,3.816139691890557,50.77029211386944,Green
Potato,7.552678104341249,92.68609817041067,2.5678555105274032,19.263868375611096,4.46946563458895,3.2291467600730117,Root
Pumpkin Leaves,1.9160971765142767,93.0416586245772,3.128640126920666,6.85091512356993,0.8396286282449446,33.8072160964505,Green
Kale,5.622156197012633,94.12986104220458,1.2845040272367891,5.031531854267497,3.520293379023947,17.308263359530482,Green
Green Beans,3.505243699718183,90.18792237505897,2.139947622816605,7.2456998646949975,0.7188554847408868,31.440512874467665,Green
Yam,7.805091719647319,91.80262058120239,3.0935567222808618,6.0,4.811801553059522,11.5578895577502,Root
Cabbage,2.727174785462428,89.05272557303996,2.111709161736717,6.163748278772645,4.77759028000821,2.0,Green
Burdock,10.0,78.32819784535502,3.9641772387524377,19.98429386732904,4.061272808980273,24.068963873561067,Root
Onion,7.028343265458714,76.72229101126642,1.873282775410035,19.311967361913794,5.406250090752174,14.104683360778344,Root
Parsnip,8.457772866151887,95.0,2.4944039811709535,18.343708277962563,1.3165982477213714,6.903202380204792,Root
Capsicum,2.9823887009638286,90.89515180655559,2.4868616831417985,8.376786546896168,5.032318911048346,21.728280676991986,Green
Radish,8.97519762978243,88.00656501963907,2.689581616598743,20.005230462835705,0.2,15.423002556247262,Root
Cassava,6.700418763072403,89.97839450727504,3.311396554491592,9.258683556236909,5.137555287509722,22.30345534730042,Root
Burdock,8.858451116656665,83.59227658025551,2.538237994960028,7.75704292683228,2.9006467039864257,9.598363063666042,Root
Spring Onion,2.7815927344308027,93.57969750777777,2.2640402573663776,8.495484145347469,1.191811250907358,41.974854055595046,Green
Fenugreek,3.5773683076476184,86.55486319468694,3.718499261815726,7.077820087369317,0.7553046148082523,30.241533047909797,Green
Celery,3.981009231736713,90.89553609711652,1.8676204356437505,6.942936714271991,4.25842939577004,68.63550115387444,Green
Green Beans,4.951143607795042,93.83708330434082,4.222545966009245,4.465304874223901,3.046784764064814,39.583550143458794,Green
Taro,8.425887206193035,85.1148866644945,1.8585130909556904,17.43936142435537,7.108696219573487,8.47276966618161,Root
Yam,8.52112242837934,88.87129351570034,3.0556044660034485,15.447903406276245,3.105323159385348,8.789813730771906,Root
Cassava,7.868527404328332,89.95628302864904,2.0632357627617823,6.967114496306603,6.999167808410841,21.051632629523894,Root
Jerusalem Artichoke,8.144887833096892,85.14341825970973,2.1485857642862674,22.81706679416054,1.8631426681159973,22.258941797424928,Root
Spring Onion,2.664652946740243,97.0,1.5499212647763896,6.619641420454055,2.760532257118518,45.34497743628746,Green
Burdock,7.074575373940412,86.5323025340459,1.6046536776369758,12.959495804198896,1.5083692104195419,15.209089934589256,Root
Beetroot,8.409818656928513,83.55245407228874,3.1725737012027313,24.499409674476077,3.234732507234853,2.2037655626348682,Root
Peas,3.824166352488442,89.47942778252926,2.5775967719941746,7.190314050873827,1.018135180119833,87.3096818921365,Green
Pumpkin Leaves,3.4963974609094315,85.36654124322983,3.7027186414137203,7.7547245811513426,1.7348429914044032,35.67214597486327,Green
Celery,2.726210800896427,85.02138118675433,1.0770238008765771,8.992088622978367,2.7852387876248694,33.61038322723862,Green
Drumstick Leaves,4.6487657003721035,83.0411448848876,2.2100472468774943,3.7606602107477123,0.4463822291349131,64.02066968446299,Green
Parsnip,6.274193271209404,80.93461208598607,3.6941094030473725,10.094172344301592,2.571191475381225,13.696487146015173,Root
Cucumber,3.528318376130461,90.11902455798298,3.2506270447807983,4.967910543565252,2.11534493232918,23.44311778237394,Green
Lotus Root,8.343787881549886,84.7080858905773,2.5327969954115863,11.207523326499652,3.0391985715884653,2.606134845853565,Root
Cauliflower,3.8686733088729013,88.42664475069056,2.522995858347854,8.556903725214598,2.229318881623884,36.160913703903724,Green
Bitter Gourd,2.9194765501952773,92.35431361768244,3.835923603481125,6.7893430596459625,0.5649403255577787,46.115066705503516,Green
Fenugreek,2.849357430878173,88.05149846494122,2.0260848606089046,4.272018460640368,2.0582259535337926,14.226247089724055,Green
Kohlrabi,8.372105472606863,87.33495517400758,2.446879346982455,21.117844412093138,5.692938467621767,4.9945817000303006,Root
Broccoli,3.796120277064576,91.04422108871955,2.504090765313969,5.530825733249706,0.30155510953950304,24.48386693086602,Green
Turnip,7.973594243041073,86.68096695291764,1.6903964800783537,17.120305222320447,2.5523213058581677,9.884381832973768,Root
Ridge Gourd,4.196387447456715,93.82122083428204,2.570725509033478,8.955060162110524,0.629973063039794,30.158513518007048,Green
Celery,3.7799686263198202,85.4980438108065,4.456601583693461,6.258442363950455,2.1312737535258712,53.1441655974673,Green
Cucumber,3.0798131829041426,88.87286156455797,1.4244395911725782,4.1626961070316035,0.7950310798975186,15.80506087239679,Green
Zucchini,2.2778721911080546,92.85199372068955,2.307739681473492,5.250358384900805,2.8531519618441896,46.106582787151,Green
Bitter Gourd,4.789752754082746,92.69272540507983,2.389235212812981,3.5514035274212685,1.7491720912567696,13.736988644767496,Green
Kale,3.025054688839044,87.38668306970516,3.9123633922248775,6.809963421921911,0.48693925479794586,57.9465486763694,Green
Celery,4.323170583961915,90.29327186875362,1.468031280207157,3.409842455872768,1.5970583608518463,76.72553813223482,Green
Ginger,7.896745239850953,75.14086713307499,2.324145595567929,23.30735082864009,3.5417729765919237,11.845607245749468,Root
Broccoli,3.427989878419666,94.0141315915681,2.7893088200381073,4.709760490789751,2.433674726610097,73.45091416164922,Green
Beetroot,8.871297297457245,76.9241219185195,2.6263795795464118,24.694644995291423,1.4993373507888506,4.578040235801188,Root
Jerusalem Artichoke,9.962587190530794,85.02217403108709,3.5114630354083562,21.707379577654407,2.015031534923232,6.1175533170570535,Root
Radish,9.612278257988645,92.88948672150428,4.139964529371393,18.71063745535946,3.6508672778031857,1.0,Root
Cucumber,3.313128355838641,88.2410757669033,3.6575823074829863,6.393109553023149,3.238213447362362,2.0,Green
Cassava,8.5646059258936,78.88201396784731,2.476447849125762,14.128228710485821,3.950615844081883,7.043784569333131,Root
Radish,7.8955507814625285,83.98706966085993,2.570052163113181,20.809391513040953,1.6452937316188518,11.90695186187828,Root
Cucumber,3.4653151126132187,90.93685893014609,3.7404003942512616,4.003291918522418,3.1811868781719004,29.650278894362277,Green
Broccoli,2.6915063971068123,87.99297182566185,3.2323216941616595,6.657502219319369,1.3642877554795536,47.8316858278339,Green
Turmeric Root,7.721037069668191,83.321438989025,3.2903718960517114,16.70025647284445,4.641225994439062,17.74547728426289,Root
Spinach,3.8436182895684614,82.94783937854906,2.759267175515836,5.229835439167367,1.1876935996328495,50.291907221021695,Green
Burdock,6.414016687762041,73.72045368916574,4.370965175371782,16.94807088685452,1.763414536247267,14.277032688979482,Root
Burdock,8.175211418908512,95.0,2.8674816654743043,13.43235156913801,5.343603003954504,13.861503097673701,Root
Coriander,2.195530499495147,92.67869019532016,2.7932785968774785,4.12024042734529,1.3833596991959678,8.519661952776211,Green
Kale,3.943819428146228,93.09853621371735,1.7584556227375336,5.8809492878764,0.2,9.390308966642753,Green
Spinach,3.996714153011233,89.44694279531527,3.018150830480554,9.046059712816051,1.7190159503319968,29.146576076270485,Green
Carrot,8.619154261005198,95.0,2.520793707675408,11.359985293854328,3.1342071177903197,20.99901135318548,Root
Mint,4.530283454031842,90.95515663610605,2.2927662833434375,5.607300301830043,1.9140784887031232,34.06944408725396,Green
Cucumber,3.767050265869259,93.55852318249374,2.565827191420339,8.130960750130702,1.3792538598795534,70.2336860046395,Green
Cassava,8.68205206571262,93.92347693201556,1.919946758629957,16.197022502676884,4.499370220605868,13.776018167354195,Root
Peas,2.6745028032074885,88.71445663338802,2.8303451634204997,4.872550894392051,1.0133355253202823,41.09218028729781,Green
Pumpkin Leaves,4.142722759867544,95.31661012052973,2.657216935761176,7.418007515177025,1.892317166855328,71.00293038623681,Green
Cauliflower,4.150201177958661,89.60329654488247,3.9773095968381327,3.859830467347695,0.2,17.70229825296889,Green
Green Chillies,3.3328782862135884,91.13031980195319,2.301047099053162,9.214691152039986,2.5891699419659018,53.371944651245435,Green
Kohlrabi,7.375654610286776,83.8928478540649,1.8952553354617874,6.0,5.294132393774264,20.19900033022978,Root
Jerusalem Artichoke,8.499864123740371,76.60416295118836,2.8676492929914215,6.0,4.751016033662071,17.08185186391193,Root
Sweet Potato,7.788869761172306,79.0769228370929,2.3687430329076955,15.38425941479384,3.0502880363838427,4.799979353412322,Root
Ginger,8.101856295261987,94.29412090897112,1.2608929243460991,7.6623736712378,3.8295216824730334,10.407101614848145,Root
Celery,3.240408648636395,83.98742818752757,2.3034055487312446,5.454552860504659,0.2,33.642628337054695,Green
Spring Onion,2.798008312193245,87.3483963297962,1.377915782560245,9.499153486373878,0.507364117530458,17.677370055102315,Green
Drumstick Leaves,4.49626681944714,88.02497366735474,1.254734481072199,5.143769678068175,3.800911748761173,56.255543552837324,Green
Onion,8.725095786847998,88.09706972268975,1.8585184047770478,17.159612723369705,5.100819050455365,16.034330638508592,Root
Capsicum,2.8626128726934823,94.7560661244302,3.636403398391884,4.858507412501048,1.0011733122749256,46.7853889096601,Green
Zucchini,3.1390338341809203,94.63731921345699,1.635149337920082,7.231871213888527,2.7117215095620604,27.26133901715024,Green
Yam,7.981291243554103,82.66888928146669,3.6241127199860133,19.737632310614288,1.9542446643527818,13.25641829699628,Root
Pumpkin Leaves,3.5596303699201743,87.41225288917771,3.058578650890872,6.786970770843499,3.074231864033279,50.879295042049236,Green
Fenugreek,3.3720824085192334,86.1778382375983,1.2148429437939419,6.406927271734446,1.0923791056588361,2.0,Green
Peas,2.493982618500298,85.14324554884907,3.4264886988000542,7.583325387925871,2.7489437804625863,50.708637731607,Green
Taro,7.680152476745156,85.91054795349244,1.664857098369977,25.447693608473866,0.2846779457638826,11.477924631165795,Root
Capsicum,4.090654830692309,94.43481432233163,3.156385744957891,7.014548062214596,3.2800096275069848,64.23238976114182,Green
Beetroot,8.513907849658915,86.07749069163759,2.8506300992735594,17.445935650738317,4.769442937123539,18.877598735649784,Root
Potato,9.615375689469442,83.06607718473197,3.7171585208254965,22.606580259612258,5.496621796295921,6.547037498255612,Root
Drumstick Leaves,4.0228354880355,87.70519998424568,2.4805163261912138,10.284540717223727,4.073051804120853,45.908091741850804,Green
Ridge Gourd,4.26608027838469,94.90773289553724,2.4198767388160376,5.592652499646068,0.9464208958921267,14.327991149003498,Green
Onion,6.106385333046214,86.27976224423763,2.5012054753622244,10.914556844659046,4.81849133686481,17.500561101012465,Root
Mustard Greens,3.894452142378297,88.31606207671895,2.7318198855171305,10.150801597290878,3.0453496441180308,26.849411695803973,Green
Taro,6.0,94.20060220777795,1.076042847549855,13.666738353827926,2.6415111594026763,14.708426158165757,Root
Okra,3.556649924897107,92.11877101742692,2.443600977552727,6.9730032876524035,2.0773692977721443,2.0,Green
Radish,7.388230909094714,84.77777921770952,2.0706977754827403,11.53789510063072,0.6873650726563323,9.335155418970443,Root
Potato,8.168460976269614,92.90558521364775,1.4934574347203589,20.699392805645225,6.134230134679731,9.05545178407137,Root
Spring Onion,4.727668992473292,85.16143592523518,3.838057909470163,6.838038018732091,1.1539857730899095,33.60577305855735,Green
Radish,8.21319662823769,80.48818400956708,2.180946064333382,11.019870715982556,5.652014277197196,10.170493189375538,Root
Spinach,5.0792128155073915,93.06973891661164,2.1244204912520384,7.085120087171929,1.4438987686250453,23.35675616074358,Green
Mint,3.4358616534070077,91.31504964121392,2.7570857723602185,6.84384150847057,3.9364535228703765,46.3383575378495,Green
Cauliflower,2.9448004733068016,97.0,1.3415888796670048,2.0,2.528017340063999,22.44864439118472,Green
Arrowroot,7.872450879622466,94.06692958148409,1.0488243099484411,14.939555260769728,0.9952131111737619,12.909055060999743,Root
Beetroot,8.331980330569014,86.1429980786744,3.2094518171390396,12.822568147150783,4.526211596352166,7.923626579328662,Root
Zucchini,2.9263379931197635,87.81256423503844,2.4737973838272014,4.9131504577324705,1.1445850607874029,37.66075569229742,Green
Jerusalem Artichoke,7.6648622188285485,87.05402700693773,4.054160420714775,19.269879882761117,4.329731000723821,13.70630824094485,Root
Drumstick Leaves,3.724451818559972,94.18839321044862,3.847142153166295,5.0822314742621195,3.294417000117555,34.03728826248232,Green
Celery,3.269065469791322,92.78482545925367,3.9791648759562763,8.253130059095515,1.6773335713342035,7.336852281458242,Green
Onion,6.392440135631026,80.42365132860272,1.7308576502127018,10.300484494455677,5.158949683863497,8.449390889817572,Root
Turmeric Root,7.668691616816678,81.3265795929535,1.414849473442202,10.872947350105225,8.0,19.957436645894294,Root
Spring Onion,3.314712341122292,89.4807172010663,2.5350491775832875,5.705995996743023,3.1566549401538913,90.26307503978379,Green
Zucchini,4.4356783931474615,95.08622037997664,3.077337651234588,3.7418964575655416,1.3705756804642717,47.234364030697954,Green
Parsnip,8.783390509282595,83.49076668373303,1.9024898053083583,22.111849308492538,6.977799327595157,17.830864406254364,Root
Jerusalem Artichoke,7.9260524343916074,82.29004314304227,2.6950249840281266,11.208589655562049,1.2387693301249474,14.981689791202148,Root
Garlic,8.000207064918197,84.94419807316831,2.172105283487082,15.775953419294895,5.150196529335269,3.0629582743127974,Root
Cassava,6.707737304894382,89.13824683147116,1.9970252294486568,16.317436076655298,4.088448258026988,8.124737597469425,Root
Bitter Gourd,5.042109952567875,97.0,4.149202861309118,8.416732461186285,3.2288750309737546,49.813173730029575,Green
Amaranth,2.407687235327421,88.7343662012208,3.4704781599833465,6.28343382727981,4.7831954479780325,44.83294598485929,Green
Ridge Gourd,2.475813175670795,97.0,3.4768269564202825,7.164195406937232,1.7282190813802016,11.014019081913005,Green
Bottle Gourd,3.9933179008808892,90.7393444947795,1.813313775855029,7.4006197588179825,1.3092346085146713,38.050245366134035,Green
Taro,7.6869419694768455,84.99574843254013,1.2495922660302825,18.022576631776833,5.264666124646818,6.3832773373353575,Root
Ridge Gourd,3.127793223928947,94.35499447881675,4.007669044747687,9.086487056544378,1.413380693856471,7.00956416777472,Green
Drumstick Leaves,3.4744459290085548,94.69091607703746,2.934880123675546,5.258771335827788,2.9260384527780134,2.0,Green
Coriander,3.437320902726828,93.82056928200495,1.711419162931565,7.008093031035688,1.363690857953071,15.178179193441395,Green
Sweet Potato,7.4512750922590385,85.5570694068467,2.6598563919974003,9.86162429537021,6.031415681729401,3.070601214283993,Root
Jerusalem Artichoke,8.386808520689202,91.5458825511158,4.512270445700765,20.118547730534907,3.998617191283458,18.360707792678028,Root
Mustard Greens,4.330335816544245,86.57566469636453,2.557252989775514,5.044685106469767,2.57477579089567,43.34155263217371,Green
Onion,9.06020990749888,95.0,2.892415967178767,12.455181871462507,3.448851375616011,1.0,Root
Spring Onion,2.9425082149921664,84.52078808168369,2.429374361318996,11.159418675308636,1.0355905184363232,75.97792013610169,Green
Spinach,2.898293387770603,97.0,2.489202220209653,3.8845781420881993,2.987053894523827,4.478908750724443,Green
Mint,4.608182816737516,85.84037629149788,2.9902191240500557,3.8931688736526877,1.2514772471650337,82.85078384666966,Green
Turnip,7.865691258529452,89.86484963895869,3.293488720552213,6.257340133809096,6.108680485756305,1.0,Root
Burdock,6.754282623553616,85.3296046659991,1.7904201452508275,8.707475446623327,3.065965899151259,7.532137692353443,Root
Basil,1.9070062664683307,91.7618989518416,2.484289760858655,7.104979908834295,2.2686969608775938,69.1035107493461,Green
Taro,7.529957852240498,86.59526937791229,2.0632802639594043,14.669336926870887,7.699443578333031,8.023794394032027,Root
Onion,7.836933036056236,80.5305841311613,1.8248217250256185,14.277406646422412,1.9151601580000774,7.536307762887677,Root
Ginger,7.099379265352131,88.8303515536503,2.1713815242510153,18.015937155411716,2.411771995771615,8.697656751421647,Root
Bitter Gourd,4.696631486645651,87.56086838272248,2.3927862666616657,6.0293763894583945,1.058122024301312,51.20701084609648,Green
Green Chillies,3.5570131248970847,91.07436911545302,3.722774741130025,7.015671512579248,2.6459552948595597,61.812683432745054,Green
Cucumber,3.677701000933254,84.65862256515959,2.8041582808047707,7.221171490567646,2.6717485375172476,62.01951813886555,Green
Kohlrabi,8.651521991339505,78.1738859774511,2.298508466052482,14.967393423852709,4.69758877912382,15.346723909744647,Root
Peas,4.32541634898803,93.25403854400255,3.544383045723463,6.042007683265518,2.8183435655539566,27.2433310851636,Green
Amaranth,3.5103526198433808,84.75265507059936,1.6479090695397018,5.389550591290664,1.2685853574088601,30.325717425363848,Green
Zucchini,3.4623652975751518,94.41320752806608,2.5913821189296318,6.300603522923756,1.5636653453433729,33.57635940697331,Green
Basil,3.202436496640008,95.50282725324648,2.379955530373979,6.2511529069430845,1.7923138108593566,35.38947618953669,Green
Yam,6.0,83.28397466871934,3.600959634998571,24.791737271102967,1.0409008110951663,13.973593785892174,Root
Cauliflower,3.417848821607431,94.4691833263525,2.7741802771021633,6.913506438307568,2.683720736278645,46.19271400043287,Green
Beetroot,8.403730090336609,84.8548263616545,1.5962981392698719,16.621796408608017,1.141920417680395,19.501435107692508,Root
Burdock,8.555512646342248,79.48788093108344,2.0826331863949155,13.524550428810468,5.451633438689418,17.347635551539312,Root
Parsnip,8.695537757565777,90.09461266445886,2.2060330523358176,14.642003740709665,0.46425250663838113,7.143766393547125,Root
Cucumber,4.333922154548904,91.83672031691374,2.4438674308330826,2.678078132968017,2.515541862959103,40.19219217907778,Green
Sweet Potato,9.000582318042978,80.97627874554013,3.8924653000643286,13.749767427005237,4.077387258559714,12.082574710169766,Root
Kohlrabi,8.08382662792936,93.46275487122102,2.909762795959497,10.694560449132148,6.306739940250381,15.58322618031222,Root
Carrot,7.819520086409375,95.0,2.798752908365686,11.241044749524079,2.6472848075889135,19.18756567357404,Root
Mint,4.138730222029185,85.42798034907807,3.806745225840877,3.707309213962624,2.36316255828684,16.14310374951605,Green
Coriander,3.3929696400454423,85.8590307103225,2.0570805557222545,3.604244214822303,4.357670159499667,35.88158879929321,Green
Okra,3.05671774880849,86.4607891438924,2.3616431520612617,9.423416960284687,0.35371862848237234,2.0,Green
Turnip,9.17312463758664,87.21785315318856,2.3926978559957712,17.238584629051388,0.3582476958630014,1.0,Root
Okra,3.1118231814587713,90.68166488950195,2.6284591848398917,6.006092040306829,2.5243258036956195,64.76615686965853,Green
Mint,5.903415585238275,89.76952481186567,2.660879237371974,8.101308792015224,3.326631119549581,64.6757576390095,Green
Basil,4.258928589786765,91.1247656958775,2.5833608831615007,5.874813744200956,1.0952424933599885,27.98312307833065,Green
Radish,7.753937511870052,79.94052042810284,4.670942717497814,14.120570937838316,3.7464096135689715,14.411883008323741,Root
Garlic,8.615771149771142,92.2233066230129,2.3605537243190007,12.749053675742942,3.501055917713195,14.809653991432919,Root
Kale,5.086016816145352,85.04873800469261,4.2064266997250135,2.0958244009549962,1.8178578859573,49.707930162114415,Green
Okra,2.953755551747517,91.5672160216102,1.316870744980697,6.3667198395583116,1.9816281809924052,49.48228749002721,Green
Bitter Gourd,1.9743436854299052,95.05033641370873,2.0585134832860428,11.116398571336504,1.3229028816111337,39.613782579925925,Green
Yam,6.0,95.0,3.556056809066052,16.1161945706458,3.3902119987674273,12.284432598861255,Root
Amaranth,4.058326912521722,90.30402156564965,2.9310047939570953,4.158652813841267,2.2032329888432938,2.0,Green
Cabbage,4.186260190374513,83.5491365152414,2.1224545073684533,8.177901193934732,2.0771360229145555,8.056380551767347,Green
Spring Onion,3.625224502647907,88.28237783549899,2.597838002425827,7.086596058072776,2.058632084390845,36.01479228009706,Green
Spring Onion,2.918319086051356,85.94097307722853,1.9805779639471943,3.552119466475487,2.0409001619110714,15.750669223533954,Green
Onion,9.188913371474642,89.24982308320638,2.851448207541583,20.350751191582138,3.44695748150188,2.9450027901782576,Root
Fenugreek,2.8534271157574733,85.67380798554242,3.849713308058052,7.763279513898901,1.9904328304200591,71.99860347225064,Green
Amaranth,4.585895565831578,91.89879293151981,2.4799784330038848,7.635532598400574,3.668249058820776,48.94525765879656,Green
Amaranth,3.325040243304591,86.97701936202863,2.929207874856323,4.203064036417926,2.033817388842954,34.77202508389491,Green
Capsicum,3.010560557481778,94.17664350827629,3.0455131917010494,9.693414651472068,2.7007138223911564,26.017697730323512,Green
Cabbage,5.643944089325325,92.53567608927204,0.8798859306739142,6.3729086295388555,1.2058562422779344,56.310833369905595,Green
Cabbage,3.973237624573545,89.7086843493725,1.822565025545276,2.9703055506282707,1.4641820575195748,56.40996985808681,Green
Onion,7.735485158689389,72.97682581355949,3.1354180302092263,8.803708025732638,3.6198652605326567,12.219015503665533,Root
Parsnip,9.995667489783964,95.0,3.1067230591361827,14.08401690639806,4.569011296961101,17.10124340699069,Root
Pumpkin Leaves,5.297686526849523,92.56337144506804,2.0430568081737626,7.145165562712317,3.6792265239032025,58.11584207281922,Green
Turnip,6.806074993600944,85.85765856858224,4.232514999485092,26.15650073096316,4.776102202881514,14.006755799555656,Root
Cassava,7.2162343344136035,80.85675368610245,1.5838080845187577,10.840888958847776,3.3656434199012897,4.273920087113986,Root
Jicama,8.756788679986983,88.67481276408161,1.4833168714235028,13.779597631628993,3.4213854247447375,8.924025724786139,Root
Broccoli,3.1572854834732307,86.79089092311352,2.3709714306671925,6.8081017136290765,4.263423081452636,39.36444532079597,Green
Drumstick Leaves,2.8744372984904705,91.58321413374964,2.895224149026191,6.521347531647814,1.3396338153854959,18.20941580154871,Green
Fenugreek,3.7597225017214817,86.38273349958237,3.010873967021899,2.6769598754620803,1.92070424162322,4.724595005938582,Green
Arrowroot,9.617212574968624,85.62613562513928,1.6012159516768718,8.348431871305051,3.121759218445933,17.373200895395676,Root
Carrot,8.428816500330573,89.15863364357887,2.676441555277225,13.164860804583387,1.8448195587025606,10.689151064370998,Root
Okra,2.3298869739406403,82.79207824967992,2.9331701825638303,7.518310320605294,1.3081875191279368,2.0,Green
Mint,4.416327674702481,91.38595390359197,3.2984080878877218,2.0,4.506049645736873,31.510259296120655,Green
Jerusalem Artichoke,7.407644044347946,85.74128617573349,4.454157433750286,12.471266478690318,1.382184825886799,21.85330721970079,Root
Celery,1.8075353702851806,96.11820127784246,2.3735936811368084,5.14623786010516,0.785474749687799,2.0,Green
Jicama,9.80930634973311,83.69172462764575,1.6523660713809152,11.739555557034697,1.3207339253152233,3.7219047349783727,Root
Arrowroot,7.495820168992329,84.51086396139013,2.8476764835383364,12.563857179432238,2.1485838416767766,10.273219339904196,Root
Bitter Gourd,3.3790518513922185,91.67812977562811,1.79000625775832,5.125083399353179,2.8668576293933254,25.679171197705827,Green
Green Beans,2.740867338446302,90.60157514590483,2.7734047806217275,9.752341678431772,3.1405086058232605,20.577408608439924,Green
Capsicum,2.8872113095156138,88.44919376025607,2.728692312579924,6.66891357997405,2.7902531272073965,85.25511346915874,Green
Garlic,7.341883510924744,83.17764382734,1.154129076526785,10.903710701392512,2.547558252910682,16.99511344570182,Root
Turnip,8.5462842480037,85.03853361886563,2.0636141094734315,14.451950980370846,3.3232740815893296,7.039911760942978,Root
Zucchini,3.2450227825791447,96.01597195433075,0.5,8.183013703844924,3.495302230997155,2.0,Green
Ginger,8.022465892812047,88.28271469105125,1.3191871846911551,20.571608473344362,4.930762630882488,15.745485805663476,Root
Green Chillies,3.1350472704571146,86.64316133064398,1.6641526447831732,2.0672868212479965,4.467448555928387,7.4197908569579205,Green
Bottle Gourd,6.0,89.6157604011014,3.4194186610285406,4.593647149748225,1.958013811403646,79.27001589088775,Green
Carrot,6.927860988014393,67.47189709903236,2.936559804157668,19.519674205430977,0.2,1.9221543623204997,Root
Lotus Root,7.844101822063332,81.71027622105639,2.6600182258527876,17.508913680837725,5.734797631804922,21.587993839143408,Root
Mint,3.255843364709351,93.85634867315343,3.4515763911397124,3.544784369726015,2.7168800838198295,52.529318557772456,Green
Mustard Greens,3.518418379189552,96.70574924910113,2.76154189901133,5.561798942382271,2.995286697420187,2.0,Green
Sweet Potato,8.267126651011484,88.0523501393796,1.0,19.475191570380577,2.533877896633121,11.174344095884395,Root
Burdock,8.420094490451842,88.64110355929402,4.556543564829541,9.345557823370422,4.447264153622909,2.5889509601476925,Root
Cabbage,4.125667347765006,86.57136977433487,1.6432860015511102,6.96494483048637,1.731844657608979,52.8500123523023,Green
Bottle Gourd,4.121809962217196,83.71910112043817,1.9182902593401052,5.504962728896991,1.9106798850799445,50.51680243876695,Green
Potato,6.0,81.3530680774334,3.796994546561109,14.885659688505589,1.5013955354101785,5.9618006301742605,Root
Garlic,8.262561329001924,86.16153946820526,3.350897962167972,14.313141058003017,4.280929699857779,9.174225976540031,Root
Pumpkin Leaves,3.7083828079475527,81.83306052630283,2.3022580939835224,4.636031504004403,0.7980559881261013,27.97249267785113,Green
Onion,9.36065859583865,77.14707760528533,1.0,15.919247723768475,7.101022363021707,19.911570823515497,Root
Jerusalem Artichoke,8.38632331781156,83.77317267408327,4.2554756983154896,22.865098626074282,2.5683888617636743,8.793298307466438,Root
Spinach,2.591975924478789,84.35078519465884,3.6725190151372433,5.548447399026928,2.0810338456255084,2.0,Green
Fenugreek,3.770456825779839,89.79904756220346,2.3088415625068723,4.184872675916804,1.3078744033180008,53.8847806456439,Green
Beetroot,7.535382702701607,86.20695793523704,2.783287871546142,13.705475131479613,4.67338760295055,6.200770747019805,Root
Celery,4.256988616645351,86.3113387032895,3.1956847360845284,8.711275717609901,2.496121883868441,81.91989531395166,Green
Cabbage,4.070890510693167,94.54226256072239,3.263201410794562,7.302782502611596,1.6216769064315852,53.97423051233169,Green
Broccoli,3.4641739608900486,96.25857462325602,0.5,7.643805008750448,2.1044564818858054,27.524816238353313,Green
Bottle Gourd,4.017659020469123,87.09702474738614,2.6494134115816625,4.489234135293355,1.266178636409662,2.0,Green
Kale,3.7809918677350325,87.50920192071763,2.3335021997141796,5.013998130682334,1.2927622916669463,56.24005242552562,Green
Lettuce,4.658595579007404,86.71727072659316,3.2707009033954577,6.825561853872997,2.986472191993388,82.4198245663487,Green
Cabbage,2.784696290740032,92.7183909957387,1.9157066946262906,6.43291717916395,2.0546862078845765,18.709991309854573,Green
Cucumber,5.79889812361925,88.54864575824136,2.1435979828793825,8.906768954235401,3.8954865748768546,21.928499321168292,Green
Peas,3.480983792097311,85.98988254144876,2.485189491206088,5.422682722159723,2.3872622724057075,14.319226411191927,Green
Lotus Root,7.916562030209639,76.30212868180882,1.5781401868746867,9.980213139592507,3.914534658797888,10.554754696290004,Root
Burdock,10.0,87.59775895216417,1.1223824992457627,12.176129979145289,5.542766590858797,26.7075421829594,Root
Mustard Greens,4.667782061659807,91.01768337320485,2.7700821296601617,5.1762460677550655,1.4148725311130077,24.186045304509477,Green
Lotus Root,7.521162543991596,79.82334541574127,3.193478911913994,13.039936800404352,5.619872768093243,14.93604759661358,Root
Basil,2.4037249131047984,84.23979646962282,3.775604050579978,4.306077303363344,0.8103291806524315,2.0,Green
Celery,6.0,90.23687373605796,2.511143433530357,5.951749825779993,2.237701712921426,31.39098970190144,Green
Lotus Root,7.3707366063072115,94.202366259499,1.9641985369477022,6.463210212035266,1.2669511201026817,19.88649296005551,Root
Ginger,6.73983523482742,81.30183155176313,2.124803619676063,13.41142451621883,6.063287590007537,14.461528485800997,Root
Peas,3.4877532271530853,86.41098251405667,2.560643646554981,4.645676576975776,3.1701436801013014,31.323565462446535,Green
Green Chillies,4.828194141849058,92.22492003760264,2.8647102176652863,10.330004689802168,1.2277781235438283,58.19600320203093,Green
Cassava,8.390695920928144,77.0411672301335,3.547317706621448,20.84794996213887,3.0412185118639443,9.6521844014891,Root
Coriander,2.5350765394198955,92.74420583999375,3.3467395894796703,2.4825210271537714,0.58008978480107,2.0,Green
Radish,8.043602446372454,95.0,1.877350638265548,15.973037276186213,2.0150588286039035,1.0,Root
Bottle Gourd,2.5767667538890957,84.59326157753466,1.7193013976181337,8.10728359321568,0.8607213334016683,100.80955162093477,Green
Jicama,7.303228181570425,88.49215940250836,2.760442263333556,12.30579071903631,1.4828906318475839,1.0,Root
Parsnip,8.838940500469612,81.29648088071846,1.9416982460539693,9.499228835141526,4.379002461240453,16.231492028096913,Root
Fenugreek,2.624381746615243,84.46880107614265,3.240942038025313,9.818833280940261,0.3217189114170307,49.07423091726427,Green
Potato,8.113270410537764,76.3703321300958,3.4192289345752034,11.65927957230503,7.246595552435091,18.640384525717188,Root
Peas,4.7776648957884245,87.63371444465668,2.9376779049360304,5.595614695132212,1.7387825561273358,62.46942129967975,Green
Lotus Root,6.22376476710168,87.45191686888403,1.4706284918179284,8.236648570782329,0.45528162756421775,18.901506999919402,Root
Amaranth,3.8885786045309643,97.0,2.4951432707680854,7.676981548903283,2.098195230257078,32.52775867022143,Green
Ginger,8.173341664370408,86.463719187451,2.276797745365195,22.449317193010412,0.2981920430469689,3.372023801758032,Root
Kale,3.8570154859650474,87.22836161895738,3.2196799003466006,6.614599041753219,2.9754345426067523,50.74072104809031,Green
Kohlrabi,9.20007895642686,82.04858531496276,1.0,18.098557229830682,2.2292752223487415,1.0,Root
Ridge Gourd,4.278361076166638,87.79525713468587,1.8454408932621542,5.993251085178096,1.7957784529700858,23.669298766818123,Green
Beetroot,8.79994190194205,75.30213634938048,1.446317580853646,9.660985392104035,5.400615183947151,23.684906980655402,Root
Peas,3.7449665711087228,87.97222729851548,2.123169355505342,6.464099874715273,0.262298790203211,2.0,Green
Taro,10.0,85.04079906735998,2.3099609649985053,13.212772885947864,3.1392166364751843,20.982787797412243,Root
Coriander,5.560747924881987,97.0,2.3008286812167413,7.943141901908711,2.774451139502177,69.21578893830872,Green
Mustard Greens,4.132781866106285,97.0,2.6454930040467963,6.496441172600672,1.448766920551707,13.753890763380205,Green
Broccoli,3.02082576215471,89.25736409334473,1.6149320207951774,3.6075867518386584,2.975030986873038,68.90600071427058,Green
Cassava,6.877455193755586,79.49498307391441,3.5176614668435024,16.35747655412824,4.6029525504790465,12.724713731203973,Root
Turmeric Root,7.214013967365018,76.71373238107735,2.803818595604876,18.607812525630717,3.038267252310462,21.626085306568275,Root
Garlic,9.039111787420268,84.54541428078724,3.1704806172412123,9.640713834799222,0.39248246796787134,16.54311726420023,Root
Radish,6.4952796259689975,89.56033578213761,2.582439752934503,7.712242502675347,2.881581845900273,3.9827487552753347,Root
Green Beans,5.689802933217672,86.7668068585794,1.828222526255379,4.801214709111956,0.2,21.856124457980975,Green
Potato,7.356450167682538,91.17976490548696,2.165224667893459,12.981757683790017,1.589754841301294,13.38879252474769,Root
Carrot,7.354035820875465,80.20484796009848,2.0172564778179676,10.233356958706437,3.745340631989591,22.997427667756483,Root
Jicama,7.629491901409971,76.56659788492814,2.515618333949603,19.511385868933235,1.6844876397061592,22.154271389134152,Root
Sweet Potato,8.969457200526737,87.56316617123011,1.8537726901561968,23.87655446304756,1.11272633648704,17.353233388880014,Root
Green Chillies,4.177925871339269,88.04835436741719,4.225846570612402,4.788570153993323,2.8905144464111685,42.4823145101623,Green
Arrowroot,6.912754061137197,78.48504922668889,3.1793732829565036,9.25602982420672,4.832625001818424,13.700730342831609,Root
Potato,8.579633173213576,86.954777899493,2.694384301577336,13.234168535946559,4.1769676869233825,7.636788718887765,Root
Taro,6.401875648116253,87.77303599649166,4.524309623286852,8.184129977035948,3.8794123352207914,4.7041425776271275,Root
Okra,2.5606646061812457,89.42364977711354,1.532244205727114,7.199857459992409,3.8369009988124367,65.46904629243292,Green
Arrowroot,6.029896182288164,90.35558402979585,1.2888280707192188,18.653820595332622,3.528546135672868,2.3684846448268413,Root
Mustard Greens,4.701213922163944,88.3676985079138,0.8695003718577168,3.983827378165192,0.2,26.212162898967286,Green
Spring Onion,5.177700814076441,87.78564703316802,2.9551864633482205,9.256793246257075,1.5450467108150154,29.910490997440956,Green
Carrot,7.265408423201951,80.13848537791371,2.700569197230943,20.743186747143575,1.468356362043206,10.493438798783773,Root
Turnip,7.691965715814259,89.67796319361604,3.8103087461196083,21.97841905394978,2.375663946843396,8.326225010043778,Root
Zucchini,1.418070592116278,96.78582547316016,2.6688139737620946,5.806573776259215,1.3460970958292604,44.97840285880177,Green
Okra,3.286557129069792,95.9629045473998,2.6189339657616895,5.325828057763921,1.2639168037508723,27.43825783779679,Green
Jerusalem Artichoke,8.043514668643466,88.34883708711104,1.0,13.516962704651007,3.982643869833562,1.0,Root
Green Chillies,4.700413907944426,87.37242288411441,1.6624712138544484,7.073305505054572,3.4228449855955962,52.97383276662667,Green
Radish,7.345924316872576,74.01620261886126,3.0112025995249807,21.86829272581479,3.2251029707446164,17.62299637762351,Root
Amaranth,3.3887739386513,86.38436943414084,1.9115760459281868,8.472186350420875,3.3095721447131226,50.228453022679425,Green
Drumstick Leaves,3.0322987986881085,91.38601552692286,2.4624635368966525,6.954081654446243,2.0921862692723066,2.9251943952857573,Green
Turmeric Root,6.648925633791979,77.06525225953858,2.9818660617184913,17.736323986889836,4.597767670634729,7.960353651570417,Root
Coriander,3.230593165555442,92.87016902318385,3.7018856416768227,6.14818956083955,3.95433865468555,2.0,Green
Ridge Gourd,3.640886246911204,82.92624253774859,2.7585341713478253,5.7047948274026625,1.4407561977581094,2.0,Green
Fenugreek,2.8373762410541534,92.28239467437264,1.8893926747659866,2.390235798670962,0.2,36.20212366653455,Green
Amaranth,2.7140105394920506,84.6750681857689,1.0310357015173626,7.015982653825088,0.6759600725913517,2.0,Green
Mint,3.151347865592141,88.60296918272628,2.242691959026094,10.153495967121682,2.458322542677864,45.75104117977674,Green
Cauliflower,4.6950466289248425,83.9072523808649,2.0528625221827292,6.754423750129042,3.8786288350812086,33.356243473175304,Green
Kohlrabi,6.680752805401233,83.78211617562606,1.6999614356023536,14.682377126923225,5.974876269368279,6.34158675930568,Root
Kohlrabi,9.69995737457638,91.42925891340931,2.6906355912650244,19.706552903837416,1.434952192944921,13.183416399574472,Root
Green Chillies,3.278746376414228,88.89274680044431,2.7459253582472805,7.6314744250785935,3.0325681860316944,20.42306403577654,Green
Jicama,8.510792088527595,91.18348351374435,1.842165446147863,19.272626135333077,1.316132199209374,17.12198000669207,Root
Kale,3.2474318486068396,85.0088672721406,3.8059290431453086,3.1397172440787346,1.4719466159636196,38.26851443215229,Green
